"id","name","category","cost","price","size","unlockLevel","shelfLifeDays","requiresCold","prefersCold","behindCounter","eventOnly","recipeOnly"
"mi_goi","Mì gói","dry","3500","5000","1","1","30",,,,,
"gao","Gạo 1kg","dry","16000","20000","2","1","45",,,,,
"nuoc_mam","Nước mắm","dry","18000","23000","1","1","60",,,,,
"dau_an","Dầu ăn","dry","38000","45000","1","1","60",,,,,
"duong","Đường","dry","17000","21000","1","1","90",,,,,
"muoi","Muối","dry","5000","7000","1","1","120",,,,,
"snack","Snack khoai tây","snack","6000","8000","1","2","20",,,,,
"keo","Kẹo","snack","2000","3000","1","2","45",,,,,
"banh_quy","Bánh quy","snack","9000","12000","1","2","25",,,,,
"que_cay","Que cay","snack","3000","5000","1","2","20",,,,,
"xa_phong","Xà phòng","household","12000","15000","1","4","180",,,,,
"kem_danh_rang","Kem đánh răng","household","20000","25000","1","4","120",,,,,
"giay_vs","Giấy vệ sinh","household","25000","32000","2","4",,,,,,
"pin","Pin","household","8000","10000","1","4","150",,,,,
"the_cao","Thẻ cào","counter","10000","12000","1","3",,,,"True",,
"gas_mini","Gas mini","counter","18000","23000","1","3",,,,"True",,
"bat_lua","Bật lửa","counter","3000","5000","1","3",,,,"True",,
"nuoc_ngot","Nước ngọt lon","drink","7000","10000","1","5","40",,"True",,,
"nuoc_suoi","Nước suối","drink","3500","5000","1","5","60",,,,,
"tra_xanh","Trà xanh chai","drink","7000","10000","1","5","30",,"True",,,
"tang_luc","Nước tăng lực","drink","9000","12000","1","5","40",,"True",,,
"sua_hop","Sữa hộp","drink","5500","7000","1","5","20",,"True",,,
"trung_ga","Trứng gà","fresh","2500","3500","1","7","3",,,,,
"banh_mi","Bánh mì","fresh","3000","5000","1","7","1",,,,,
"rau_muong","Rau muống","fresh","6000","9000","2","7","2",,,,,
"sua_tuoi","Sữa tươi","fresh","9000","12000","1","7","3","fridge",,,,
"dau_hu","Đậu hũ","fresh","4000","6000","1","7","2","fridge",,,,
"kem_que","Kem que","frozen","5000","8000","1","9","30","freezer",,,,
"kem_hop","Kem hộp","frozen","35000","45000","2","9","30","freezer",,,,
"xuc_xich","Xúc xích","frozen","15000","20000","1","9","20","freezer",,,,
"ha_cao","Há cảo","frozen","30000","40000","2","9","20","freezer",,,,
"cha_gio","Chả giò","frozen","35000","45000","2","9","20","freezer",,,,
"nuoc_da","Nước đá","frozen","3000","5000","2","9",,"freezer",,,,
"bot_canh","Bột canh","dry","3500","5000","1","2","120",,,,,
"bot_ngot","Bột ngọt","dry","12000","16000","1","6","150",,,,,
"hat_nem","Hạt nêm","dry","22000","28000","1","7","120",,,,,
"nuoc_tuong","Nước tương","dry","12000","15000","1","8","60",,,,,
"tuong_ot","Tương ớt","dry","10000","13000","1","8","60",,,,,
"hu_tieu_goi","Hủ tiếu gói","dry","6000","8000","1","9","30",,,,,
"chao_goi","Cháo gói","dry","4000","6000","1","10","30",,,,,
"sua_dac","Sữa đặc","dry","22000","27000","1","10","60",,,,,
"ca_hop","Cá hộp","dry","20000","26000","1","11","90",,,,,
"pate_hop","Pate hộp","dry","15000","20000","1","12","60",,,,,
"tieu_xay","Tiêu xay","dry","8000","11000","1","12","90",,,,,
"mam_tom","Mắm tôm","dry","10000","14000","1","13","45",,,,,
"ca_phe_hoa_tan","Cà phê hòa tan","dry","45000","55000","1","14","90",,,,,
"bot_chien","Bột chiên giòn","dry","6000","8000","1","15","60",,,,,
"dau_hao","Dầu hào","dry","20000","25000","1","16","60",,,,,
"bun_kho","Bún khô","dry","12000","15000","1","17","60",,,,,
"giam","Giấm","dry","8000","10000","1","18","90",,,,,
"keo_cao_su","Kẹo cao su","snack","3000","5000","1","6","60",,,,,
"banh_gao","Bánh gạo","snack","8000","10000","1","7","25",,,,,
"banh_bong_lan","Bánh bông lan","snack","4000","6000","1","9","10",,,,,
"banh_socola","Bánh sô-cô-la","snack","30000","38000","1","11","30",,,,,
"dau_phong","Đậu phộng rang","snack","10000","14000","1","13","20",,,,,
"rong_bien","Rong biển sấy","snack","6000","8000","1","15","25",,,,,
"kho_ga","Khô gà lá chanh","snack","20000","28000","1","17","20",,,,,
"khan_giay","Khăn giấy","household","8000","12000","1","6",,,,,,
"ban_chai","Bàn chải đánh răng","household","8000","12000","1","7",,,,,,
"nuoc_rua_chen","Nước rửa chén","household","20000","26000","1","8","180",,,,,
"bot_giat","Bột giặt","household","35000","45000","2","10","180",,,,,
"tui_rac","Túi rác","household","10000","15000","1","11",,,,,,
"dau_goi","Dầu gội","household","45000","55000","1","12","180",,,,,
"nhang_muoi","Nhang muỗi","household","15000","20000","1","13","180",,,,,
"khau_trang","Khẩu trang","household","15000","20000","1","14",,,,,,
"nhang","Nhang thơm","household","12000","18000","1","15",,,,,,
"nuoc_lau_san","Nước lau sàn","household","25000","32000","2","16","180",,,,,
"bang_ve_sinh","Băng vệ sinh","household","18000","23000","1","17","180",,,,,
"bong_den","Bóng đèn","household","25000","35000","1","18",,,,,,
"ta_giay","Tã giấy","household","90000","110000","2","19","180",,,,,
"sua_dau_nanh","Sữa đậu nành","drink","5000","7000","1","6","20",,"True",,,
"bia_lon","Bia lon","drink","11000","15000","1","8","60",,"True",,,
"ca_phe_lon","Cà phê lon","drink","10000","14000","1","10","60",,"True",,,
"nuoc_cam","Nước cam ép","drink","9000","12000","1","12","30",,"True",,,
"nuoc_yen","Nước yến","drink","9000","12000","1","14","60",,,,,
"sua_chua_uong","Sữa chua uống","drink","5000","7000","1","16","15",,"True",,,
"ca_chua","Cà chua","fresh","5000","8000","1","8","3",,,,,
"hanh_la","Hành lá","fresh","2000","3000","1","9","2",,,,,
"sua_chua","Sữa chua","fresh","5000","7000","1","10","5","fridge",,,,
"chuoi","Chuối","fresh","10000","14000","2","11","3",,,,,
"khoai_tay","Khoai tây","fresh","8000","11000","2","12","7",,,,,
"bun_tuoi","Bún tươi","fresh","5000","8000","1","13","1",,,,,
"cha_lua","Chả lụa","fresh","25000","32000","1","14","4","fridge",,,,
"thit_heo","Thịt heo","fresh","30000","38000","1","15","1","fridge",,,,
"ca_vien","Cá viên","frozen","25000","32000","1","11","30","freezer",,,,
"bo_vien","Bò viên","frozen","30000","38000","1","13","30","freezer",,,,
"canh_ga","Cánh gà đông lạnh","frozen","40000","50000","2","15","30","freezer",,,,
"tom_dong_lanh","Tôm đông lạnh","frozen","60000","75000","2","17","30","freezer",,,,
"sim_dt","Sim điện thoại","counter","50000","60000","1","8",,,,"True",,
"banh_tet","Bánh tét","snack","26000","35000","2","21","5",,,,"tet",
"hat_dua","Hạt dưa","snack","8000","12000","1","21","30",,,,"tet",
"bao_li_xi","Bao lì xì","household","1000","3000","1","21",,,,,"tet",
"banh_trung_thu","Bánh trung thu","snack","18000","26000","1","21","8",,,,"mid_autumn",
"long_den","Lồng đèn","household","9000","15000","1","21",,,,,"mid_autumn",
"tap_vo","Tập vở","household","7000","10000","1","21",,,,,"back_to_school",
"but_bi","Bút bi","household","3000","5000","1","21",,,,,"back_to_school",
"ao_mua","Áo mưa","household","12000","18000","1","21",,,,,,
"xuc_xich_nuong_tp","Xúc xích nướng","counter","15000","35000","1","21","1",,,"True",,"True"
"mi_ly_tp","Mì ly","counter","6500","14000","1","21","1",,,"True",,"True"
"banh_mi_trung_tp","Bánh mì trứng","counter","5500","16000","1","23","1",,,"True",,"True"
"trung_luoc_tp","Trứng luộc","counter","5000","12000","1","21","1",,,"True",,"True"
"tra_tac_tp","Trà tắc","counter","9000","22000","1","25","1",,,"True",,"True"
"ca_phe_sua_tp","Cà phê sữa đá","counter","18000","32000","1","25","1",,,"True",,"True"
"nuoc_mia_tp","Nước mía","counter","5000","15000","1","25","1",,,"True",,"True"
"sinh_to_tp","Sinh tố","counter","18000","36000","1","26","1",,,"True",,"True"
"tra_sua_tp","Trà sữa","counter","18000","36000","1","26","1",,,"True",,"True"
"tra_tac_base","Cốt trà tắc","dry","6000","9000","1","25","30",,,,,
"ca_phe_bot","Cà phê bột","dry","6000","9000","1","25","60",,,,,
"mia","Mía cây","dry","2000","4000","2","25","2",,,,,
"trai_cay","Trái cây","fresh","9000","14000","2","26","2",,,,,
"tra_o_long","Trà ô long chai","drink","7000","10000","1","6","180",,"True",,,
"sua_lua_mach","Sữa lúa mạch","drink","6000","8000","1","7","90",,"True",,,
"nuoc_dien_giai","Nước điện giải","drink","8000","11000","1","9","180",,"True",,,
"nuoc_dua_hop","Nước dừa hộp","drink","9000","13000","1","11","120",,"True",,,
"soda_chanh","Soda chanh","drink","7000","10000","1","13","180",,"True",,,
"bim_bim_tom","Bim bim vị tôm","snack","4000","6000","1","3","30",,,,,
"keo_deo","Kẹo dẻo","snack","5000","7000","1","4","60",,,,,
"banh_que","Bánh que","snack","5000","7000","1","5","45",,,,,
"mit_say","Mít sấy","snack","18000","25000","1","10","60",,,,,
"pho_goi","Phở gói","dry","7000","9000","1","6","45",,,,,
"mien_goi","Miến gói","dry","9000","12000","1","8","90",,,,,
"bot_mi","Bột mì 1kg","dry","17000","22000","2","11","120",,,,,
"sua_tam","Sữa tắm","household","55000","68000","1","6","365",,,,,
"nuoc_giat","Nước giặt","household","70000","85000","2","9","365",,,,,
"nuoc_xa_vai","Nước xả vải","household","60000","74000","2","11","365",,,,,
"dao_cao","Dao cạo râu","household","12000","16000","1","12",,,,,,
"kem_chong_nang","Kem chống nắng","household","90000","115000","1","14","365",,,,,
"rau_cai","Rau cải","fresh","7000","10000","2","7","2",,,,,
"trung_vit","Trứng vịt","fresh","3000","4500","1","8","5",,,,,
"gia_do","Giá đỗ","fresh","4000","6000","1","9","1","fridge",,,,
"kem_oc_que","Kem ốc quế","frozen","9000","13000","1","10","30","freezer",,,,
"banh_bao","Bánh bao đông lạnh","frozen","20000","27000","2","12","30","freezer",,,,
"ca_basa","Cá basa phi lê","frozen","45000","58000","2","14","30","freezer",,,,
"nep","Nếp cái (1kg)","dry","28000","36000","2","29","180",,,,,
"dau_xanh","Đậu xanh cà vỏ","dry","2500","4000","1","29","90",,,,,
"hanh_phi","Hành phi","dry","1500","2500","1","29","60",,,,,
"cha_bong","Chà bông","dry","4000","6000","1","29","30",,,,,
"lap_xuong","Lạp xưởng","dry","4000","6000","1","29","60",,,,,
"dua_nao","Dừa nạo","fresh","2500","4000","1","29","2",,,,,
"bao_goi","Lá chuối & hộp giấy","household","1000","2000","1","29",,,,,,
"tra_da","Trà đá (ly)","drink","1000","3000","1","29","1",,"True",,,
"nep_chin","Nếp chín (phần)","dry","5600","5600","1","29","1",,,,,"True"
"xoi_dau_xanh_tp","Xôi đậu xanh","counter","8100","15000","1","29","1",,,"True",,"True"
"xoi_dau_xanh_goi","Xôi đậu xanh gói","counter","9100","15000","1","29","1",,,"True",,"True"
"xoi_man_tp","Xôi mặn","counter","15100","25000","1","29","1",,,"True",,"True"
"xoi_man_goi","Xôi mặn gói","counter","16100","22000","1","29","1",,,"True",,"True"
"xoi_trung_tp","Xôi trứng","counter","9600","18000","1","29","1",,,"True",,"True"
"xoi_trung_goi","Xôi trứng gói","counter","10600","18000","1","29","1",,,"True",,"True"
"xoi_dua_tp","Xôi dừa","counter","8100","12000","1","29","1",,,"True",,"True"
"xoi_dua_goi","Xôi dừa gói","counter","9100","15000","1","29","1",,,"True",,"True"
"toi","Tỏi","fresh","6000","9000","1","9","14",,,,,
"hanh_kho","Hành khô","fresh","8000","12000","1","9","14",,,,,
"ca_rot","Cà rốt","fresh","7000","10000","1","9","5",,,,,
"dua_leo","Dưa leo","fresh","6000","9000","1","10","3",,,,,
"bap_cai","Bắp cải","fresh","8000","12000","2","10","5",,,,,
"bi_do","Bí đỏ","fresh","10000","15000","2","11","7",,,,,
"bong_cai_xanh","Bông cải xanh","fresh","18000","26000","2","12","4",,,,,
"kho_qua","Khổ qua","fresh","9000","13000","1","11","3",,,,,
"gung","Gừng","fresh","7000","11000","1","10","10",,,,,
"rau_mui","Rau mùi","fresh","3000","5000","1","12","2",,,,,
"bap","Bắp ngọt","fresh","6000","9000","1","11","3",,,,,
"tao","Táo","fresh","18000","26000","1","11","7",,,,,
"na","Na","fresh","18000","26000","1","12","3",,,,,
"mang_cut","Măng cụt","fresh","24000","34000","1","14","4",,,,,
"nho_xanh","Nho xanh","fresh","30000","42000","1","14","5",,,,,
"nho_tim","Nho tím","fresh","30000","42000","1","15","5",,,,,
"thanh_long_trang","Thanh long ruột trắng","fresh","10000","15000","1","11","5",,,,,
"thanh_long_tim","Thanh long ruột tím","fresh","16000","23000","1","13","5",,,,,
"xoai","Xoài","fresh","12000","18000","1","11","4",,,,,
"cam","Cam","fresh","10000","15000","1","10","6",,,,,
"dua_hau","Dưa hấu","fresh","12000","18000","2","10","5",,,,,
"du_du","Đu đủ","fresh","8000","12000","2","10","4",,,,,
"thom","Thơm (dứa)","fresh","10000","15000","1","11","5",,,,,
"oi","Ổi","fresh","10000","15000","1","10","4",,,,,
"bo","Bơ","fresh","18000","26000","1","13","4",,,,,
"mit","Mít","fresh","16000","24000","2","13","3",,,,,
"chom_chom","Chôm chôm","fresh","15000","22000","1","14","3",,,,,
"vai","Vải","fresh","22000","32000","1","15","3",,,,,
"buoi","Bưởi","fresh","16000","24000","2","12","7",,,,,
"chanh_day","Chanh dây","fresh","12000","18000","1","13","5",,,,,
"banh_trang","Bánh tráng","dry","10000","14000","1","10","180",,,,,
"bot_nang","Bột năng","dry","8000","11000","1","12","180",,,,,
"bot_gao","Bột gạo","dry","9000","13000","1","12","180",,,,,
"nui_kho","Nui khô","dry","12000","17000","1","13","180",,,,,
"mi_trung_kho","Mì trứng khô","dry","14000","19000","1","14","180",,,,,
"mien_dong","Miến dong","dry","15000","21000","1","10","180",,,,,
"nam_meo_kho","Nấm mèo khô","dry","12000","17000","1","15","180",,,,,
"nam_huong_kho","Nấm hương khô","dry","18000","25000","1","16","180",,,,,
"tom_kho","Tôm khô","dry","25000","34000","1","15","90",,,,,
"ca_kho","Cá khô","dry","22000","30000","1","16","90",,,,,
"ot_bot","Ớt bột","dry","7000","10000","1","11","180",,,,,
"tieu_hat","Tiêu hạt","dry","12000","17000","1","14","180",,,,,
"dua_cot_hop","Nước cốt dừa hộp","dry","10000","14000","1","15","180",,,,,
"bap_rang_bo","Bắp rang bơ","snack","8000","12000","1","8","30",,,,,
"snack_bap","Snack bắp","snack","5000","7000","1","5","30",,,,,
"banh_xop","Bánh xốp","snack","7000","10000","1","6","45",,,,,
"banh_trang_nuong","Bánh tráng nướng","snack","8000","12000","1","12","7",,,,,
"com_chay","Cơm cháy","snack","10000","15000","1","14","30",,,,,
"kho_bo","Khô bò","snack","22000","30000","1","14","30",,,,,
"kho_muc","Khô mực","snack","30000","42000","1","16","30",,,,,
"keo_mut","Kẹo mút","snack","2500","4000","1","6","90",,,,,
"keo_lac","Kẹo lạc","snack","7000","10000","1","11","45",,,,,
"banh_dau_xanh","Bánh đậu xanh","snack","12000","17000","1","11","30",,,,,
"hat_dieu_rang","Hạt điều rang","snack","24000","33000","1","14","45",,,,,
"hat_huong_duong","Hạt hướng dương","snack","8000","12000","1","10","45",,,,,
"me_say","Me sấy","snack","9000","13000","1","13","30",,,,,
"mut_dua","Mứt dừa","snack","13000","18000","1","15","45",,,,,
"khoai_lang_say","Khoai lang sấy","snack","12000","17000","1","12","30",,,,,
"coca_cola_lon","Coca-Cola lon","drink","7000","10000","1","5","180",,"True",,,
"coca_cola_zero","Coca-Cola không đường","drink","7000","10000","1","9","180",,"True",,,
"pepsi_lon","Pepsi lon","drink","7000","10000","1","5","180",,"True",,,
"pepsi_black","Pepsi Black","drink","7000","10000","1","10","180",,"True",,,
"7up_lon","7Up lon","drink","6500","9000","1","6","180",,"True",,,
"sprite_lon","Sprite lon","drink","7000","10000","1","7","180",,"True",,,
"mirinda_cam","Mirinda cam","drink","7000","10000","1","7","180",,"True",,,
"sting_dau","Sting dâu","drink","8000","11000","1","6","180",,"True",,,
"sting_nhan_sam","Sting nhân sâm","drink","8000","11000","1","10","180",,"True",,,
"redbull_lon","Red Bull lon","drink","9000","13000","1","8","180",,"True",,,
"number1_chai","Number 1 chai","drink","7000","10000","1","7","180",,"True",,,
"aquafina_chai","Aquafina chai","drink","3000","5000","1","5","365",,"True",,,
"la_vie_chai","La Vie chai","drink","3000","5000","1","6","365",,"True",,,
"revive_chai","Revive chai","drink","7000","10000","1","9","180",,"True",,,
"pocari_sweat","Pocari Sweat","drink","9000","13000","1","12","180",,"True",,,
"tra_dao_chai","Trà đào chai","drink","7000","10000","1","9","60",,"True",,,
"sua_bap_hop","Sữa bắp hộp","drink","7000","10000","1","10","90",,"True",,,
"nuoc_nha_dam","Nước nha đam","drink","7000","10000","1","11","90",,"True",,,
"coca_cola_plus","Coca-Cola Plus","drink","7500","11000","1","10","180",,"True",,,
"pepsi_chanh","Pepsi chanh","drink","7500","11000","1","9","180",,"True",,,
"fanta_nho","Fanta nho","drink","7500","11000","1","8","180",,"True",,,
"fanta_dau","Fanta dâu","drink","7500","11000","1","8","180",,"True",,,
"mirinda_vai","Mirinda vải","drink","7500","11000","1","9","180",,"True",,,
"mirinda_dua","Mirinda dứa","drink","7500","11000","1","10","180",,"True",,,
"schweppes_tonic","Schweppes Tonic","drink","9000","13000","1","12","180",,"True",,,
"aquafina_soda","Aquafina Soda","drink","7000","10000","1","11","180",,"True",,,
"milkis_dua_gang","Milkis dưa gang","drink","10000","14000","1","13","180",,"True",,,
"milkis_chuoi","Milkis chuối","drink","10000","14000","1","13","180",,"True",,,
"soda_vai_genki","Soda vải Genki","drink","12000","17000","1","16","180",,"True",,,
"tea_plus_oolong_chanh","Tea+ Ô long chanh","drink","7000","10000","1","8","90",,"True",,,
"tea_plus_oolong_dao","Tea+ Ô long đào","drink","7000","10000","1","9","90",,"True",,,
"tea_plus_oolong_truyen_thong","Tea+ Ô long truyền thống","drink","7000","10000","1","7","90",,"True",,,
"fuze_tea_bi_dao","Fuze Tea bí đao","drink","7000","10000","1","7","90",,"True",,,
"fuze_tea_chanh_sa","Fuze Tea chanh sả","drink","7000","10000","1","8","90",,"True",,,
"fuze_tea_vai","Fuze Tea vải hoa nhài","drink","7000","10000","1","9","90",,"True",,,
"twister_cam","Twister cam","drink","9000","13000","1","8","90",,"True",,,
"nuoc_nho_trang_gas","Nước nho trắng có gas","drink","15000","21000","1","16","180",,"True",,,
"nuoc_tao_ep","Nước táo ép","drink","9000","13000","1","9","90",,"True",,,
"nuoc_le_ep","Nước lê ép","drink","10000","14000","1","12","90",,"True",,,
"nuoc_luu","Nước lựu","drink","12000","17000","1","14","90",,"True",,,
"yakult","Yakult","drink","6000","9000","1","10","30",,"True",,,
"yomost_dau","Yomost dâu","drink","7000","10000","1","9","45",,"True",,,
"yomost_luu","Yomost lựu","drink","7000","10000","1","10","45",,"True",,,
"probi_dao","Probi đào","drink","8000","11000","1","11","45",,"True",,,
"betagen_cam","Betagen cam","drink","8000","11000","1","12","45",,"True",,,
"ca_phe_sua_chai","Cà phê sữa chai","drink","9000","13000","1","11","90",,"True",,,
"sua_socola_hop","Sữa sô-cô-la hộp","drink","6000","9000","1","7","90",,"True",,,
"sua_dau_phong","Sữa đậu phộng","drink","7000","10000","1","10","30",,"True",,,
"hanh_tay","Hành tây","fresh","7000","10000","1","10","10",,,,,
"ot_chuong","Ớt chuông","fresh","12000","18000","1","11","4",,,,,
"ca_tim","Cà tím","fresh","10000","15000","1","11","4",,,,,
"nam_kim_cham","Nấm kim châm","fresh","8000","12000","1","12","3","fridge",,,,
"khoai_lang_tuoi","Khoai lang","fresh","8000","12000","2","10","7",,,,,
"chanh_khong_hat","Chanh không hạt","fresh","10000","14000","1","11","7",,,,,
"thit_bo","Thịt bò","fresh","42000","55000","1","16","1","fridge",,,,
"thit_ga","Thịt gà","fresh","24000","32000","1","14","1","fridge",,,,
"uc_ga","Ức gà","fresh","26000","35000","1","16","2","fridge",,,,
"suon_heo","Sườn heo","fresh","35000","46000","1","17","1","fridge",,,,
"ca_thu_tuoi","Cá thu tươi","fresh","30000","41000","1","18","1","fridge",,,,
"tom_tuoi","Tôm tươi","fresh","45000","60000","1","18","1","fridge",,,,
"khoai_tay_chien","Khoai tây chiên đông lạnh","frozen","18000","25000","2","10","90","freezer",,,,
"ga_vien_dong_lanh","Gà viên đông lạnh","frozen","16000","23000","1","11","90","freezer",,,,
"pizza_dong_lanh","Pizza đông lạnh","frozen","25000","35000","2","15","90","freezer",,,,
"muc_khoanh_dong_lanh","Mực khoanh đông lạnh","frozen","30000","42000","1","16","90","freezer",,,,
"rau_cu_dong_lanh","Rau củ thập cẩm đông lạnh","frozen","12000","18000","1","12","90","freezer",,,,
"cha_ca_thac_lat","Chả cá thác lác","frozen","28000","39000","1","17","90","freezer",,,,
"yen_mach","Yến mạch","dry","18000","25000","1","11","180",,,,,
"ngu_coc","Ngũ cốc ăn sáng","dry","22000","30000","1","12","180",,,,,
"mat_ong","Mật ong","dry","25000","34000","1","13","365",,,,,
"bo_dau_phong","Bơ đậu phộng","dry","28000","38000","1","14","180",,,,,
"tuong_ca","Tương cà","dry","9000","13000","1","9","180",,,,,
"sot_mayonnaise","Sốt mayonnaise","dry","12000","17000","1","10","180",,,,,
"banh_pia","Bánh pía","snack","12000","17000","1","13","20",,,,,
"keo_dua","Kẹo dừa","snack","7000","10000","1","10","60",,,,,
"banh_mochi","Bánh mochi","snack","14000","20000","1","15","20",,,,,
"hat_bi_rang","Hạt bí rang","snack","12000","17000","1","12","45",,,,,
"dau_ha_lan_say","Đậu Hà Lan sấy","snack","9000","13000","1","12","45",,,,,
"khoai_tay_que","Khoai tây que","snack","8000","12000","1","8","30",,,,,
"nuoc_rua_tay","Nước rửa tay","household","15000","21000","1","9","365",,,,,
"nuoc_lau_kinh","Nước lau kính","household","18000","25000","1","11","365",,,,,
"nuoc_tay_bon_cau","Nước tẩy bồn cầu","household","22000","30000","1","12","365",,,,,
"mang_boc_thuc_pham","Màng bọc thực phẩm","household","12000","17000","1","10",,,,,,
"khan_uot","Khăn ướt","household","10000","14000","1","9",,,,,,
"thuc_an_cho","Thức ăn cho chó","household","25000","34000","2","15","180",,,,,
"thuc_an_meo","Thức ăn cho mèo","household","22000","31000","2","15","180",,,,,
"ca_moi_hop","Cá mòi sốt cà hộp","dry","18000","25000","1","13","240",,,,,
"dau_do","Đậu đỏ","dry","16000","22000","1","13","180",,,,,
"bot_cacao","Bột ca cao","dry","24000","32000","1","14","180",,,,,
"bot_cari","Bột cà ri","dry","9000","13000","1","14","180",,,,,
"ngu_vi_huong","Ngũ vị hương","dry","5000","8000","1","15","240",,,,,
"sa_te","Sa tế","dry","10000","14000","1","15","180",,,,,
"dau_nanh_hat","Đậu nành hạt","dry","18000","25000","1","16","180",,,,,
"mi_y_kho","Mì Ý khô","dry","14000","20000","1","16","240",,,,,
"banh_quy_oreo","Bánh quy kẹp kem","snack","10000","15000","1","13","120",,,,,
"banh_chocopie","Bánh Choco-pie","snack","12000","17000","1","14","90",,,,,
"snack_khoai_tay","Snack khoai tây lát","snack","7000","10000","1","13","120",,,,,
"socola_thanh","Sô-cô-la thanh","snack","11000","16000","1","15","180",,,,,
"bap_rang_caramel","Bắp rang caramel","snack","9000","13000","1","15","60",,,,,
"banh_cracker","Bánh cracker mặn","snack","9000","13000","1","16","120",,,,,
"rong_bien_cuon","Rong biển cuộn ăn liền","snack","8000","12000","1","16","150",,,,,
"keo_bac_ha","Kẹo bạc hà","snack","5000","8000","1","17","240",,,,,
"sua_bot_tre_em","Sữa bột trẻ em","household","120000","145000","2","18","365",,,,,
"nuoc_suc_mieng","Nước súc miệng","household","28000","38000","1","16","540",,,,,
"sua_rua_mat","Sữa rửa mặt","household","35000","48000","1","18","720",,,,,
"kem_duong_da","Kem dưỡng da","household","42000","58000","1","20","720",,,,,
"giay_khan_mat","Khăn giấy hộp","household","18000","25000","1","14",,,,,,
"mieng_rua_chen","Miếng rửa chén","household","5000","8000","1","13",,,,,,
"binh_xit_con_trung","Bình xịt côn trùng","household","32000","44000","1","19","720",,,,,
"xa_lach","Xà lách","fresh","9000","13000","1","13","3",,,,,
"dua_gia","Dưa giá","fresh","7000","10000","1","14","2","fridge",,,,
"khoai_mon","Khoai môn","fresh","10000","15000","2","14","10",,,,,
"nam_bao_ngu","Nấm bào ngư","fresh","14000","20000","1","16","3","fridge",,,,
"ca_ro_phi","Cá rô phi","fresh","28000","38000","1","19","1","fridge",,,,
"muc_tuoi","Mực tươi","fresh","48000","65000","1","20","1","fridge",,,,
"thit_xay","Thịt heo xay","fresh","30000","41000","1","18","1","fridge",,,,
"ca_hoi_tuoi","Cá hồi phi lê","fresh","65000","85000","1","22","1","fridge",,,,
"cha_muc","Chả mực đông lạnh","frozen","32000","44000","1","18","120","freezer",,,,
"vien_tha_lau","Viên thả lẩu thập cẩm","frozen","28000","39000","1","17","120","freezer",,,,
"ca_hoi_dong_lanh","Cá hồi đông lạnh","frozen","55000","74000","1","23","180","freezer",,,,
"bap_non_dong_lanh","Bắp non đông lạnh","frozen","14000","20000","1","15","180","freezer",,,,
"milo_hop","Sữa cacao lúa mạch","drink","7000","10000","1","13","180",,"True",,,
"sua_dau_nanh_hop","Sữa đậu nành hộp","drink","6000","9000","1","12","120",,"True",,,
"tra_sua_chai","Trà sữa đóng chai","drink","11000","15000","1","16","90",,"True",,,
"nuoc_dua_tuoi_chai","Nước dừa tươi chai","drink","9000","13000","1","15","30",,"True",,,
"nuoc_cam_hop","Nước cam hộp","drink","8000","12000","1","13","180",,"True",,,
"ca_phe_sua_lon","Cà phê sữa lon","drink","9000","13000","1","15","240",,"True",,,
"nuoc_sam","Nước sâm đóng chai","drink","7000","10000","1","14","90",,"True",,,
